Precision,Recall,PR_SEM,Baseline,Baseline_SEM
1.0,0.0,0.0,0.5895329301075269,0.008558961273895875
1.0,0.001001001001001001,0.0,0.5895329301075269,0.008558961273895875
1.0,0.002002002002002002,0.0,0.5895329301075269,0.008558961273895875
1.0,0.003003003003003003,0.0,0.5895329301075269,0.008558961273895875
1.0,0.004004004004004004,0.0,0.5895329301075269,0.008558961273895875
1.0,0.005005005005005005,0.0,0.5895329301075269,0.008558961273895875
1.0,0.006006006006006006,0.0,0.5895329301075269,0.008558961273895875
1.0,0.007007007007007007,0.0,0.5895329301075269,0.008558961273895875
1.0,0.008008008008008008,0.0,0.5895329301075269,0.008558961273895875
1.0,0.009009009009009009,0.0,0.5895329301075269,0.008558961273895875
1.0,0.01001001001001001,0.0,0.5895329301075269,0.008558961273895875
1.0,0.011011011011011011,0.0,0.5895329301075269,0.008558961273895875
1.0,0.012012012012012012,0.0,0.5895329301075269,0.008558961273895875
1.0,0.013013013013013013,0.0,0.5895329301075269,0.008558961273895875
1.0,0.014014014014014014,0.0,0.5895329301075269,0.008558961273895875
1.0,0.015015015015015015,0.0,0.5895329301075269,0.008558961273895875
1.0,0.016016016016016016,0.0,0.5895329301075269,0.008558961273895875
1.0,0.017017017017017015,0.0,0.5895329301075269,0.008558961273895875
1.0,0.018018018018018018,0.0,0.5895329301075269,0.008558961273895875
1.0,0.01901901901901902,0.0,0.5895329301075269,0.008558961273895875
1.0,0.02002002002002002,0.0,0.5895329301075269,0.008558961273895875
1.0,0.02102102102102102,0.0,0.5895329301075269,0.008558961273895875
1.0,0.022022022022022022,0.0,0.5895329301075269,0.008558961273895875
1.0,0.023023023023023025,0.0,0.5895329301075269,0.008558961273895875
1.0,0.024024024024024024,0.0,0.5895329301075269,0.008558961273895875
1.0,0.025025025025025023,0.0,0.5895329301075269,0.008558961273895875
1.0,0.026026026026026026,0.0,0.5895329301075269,0.008558961273895875
1.0,0.02702702702702703,0.0,0.5895329301075269,0.008558961273895875
1.0,0.028028028028028028,0.0,0.5895329301075269,0.008558961273895875
1.0,0.029029029029029027,0.0,0.5895329301075269,0.008558961273895875
1.0,0.03003003003003003,0.0,0.5895329301075269,0.008558961273895875
1.0,0.031031031031031032,0.0,0.5895329301075269,0.008558961273895875
1.0,0.03203203203203203,0.0,0.5895329301075269,0.008558961273895875
1.0,0.03303303303303303,0.0,0.5895329301075269,0.008558961273895875
1.0,0.03403403403403403,0.0,0.5895329301075269,0.008558961273895875
1.0,0.035035035035035036,0.0,0.5895329301075269,0.008558961273895875
1.0,0.036036036036036036,0.0,0.5895329301075269,0.008558961273895875
1.0,0.037037037037037035,0.0,0.5895329301075269,0.008558961273895875
1.0,0.03803803803803804,0.0,0.5895329301075269,0.008558961273895875
1.0,0.03903903903903904,0.0,0.5895329301075269,0.008558961273895875
1.0,0.04004004004004004,0.0,0.5895329301075269,0.008558961273895875
1.0,0.04104104104104104,0.0,0.5895329301075269,0.008558961273895875
1.0,0.04204204204204204,0.0,0.5895329301075269,0.008558961273895875
1.0,0.043043043043043044,0.0,0.5895329301075269,0.008558961273895875
1.0,0.044044044044044044,0.0,0.5895329301075269,0.008558961273895875
1.0,0.04504504504504504,0.0,0.5895329301075269,0.008558961273895875
1.0,0.04604604604604605,0.0,0.5895329301075269,0.008558961273895875
1.0,0.04704704704704705,0.0,0.5895329301075269,0.008558961273895875
1.0,0.04804804804804805,0.0,0.5895329301075269,0.008558961273895875
1.0,0.04904904904904905,0.0,0.5895329301075269,0.008558961273895875
1.0,0.050050050050050046,0.0,0.5895329301075269,0.008558961273895875
1.0,0.05105105105105105,0.0,0.5895329301075269,0.008558961273895875
1.0,0.05205205205205205,0.0,0.5895329301075269,0.008558961273895875
1.0,0.05305305305305305,0.0,0.5895329301075269,0.008558961273895875
1.0,0.05405405405405406,0.0,0.5895329301075269,0.008558961273895875
1.0,0.055055055055055056,0.0,0.5895329301075269,0.008558961273895875
1.0,0.056056056056056056,0.0,0.5895329301075269,0.008558961273895875
1.0,0.057057057057057055,0.0,0.5895329301075269,0.008558961273895875
1.0,0.058058058058058054,0.0,0.5895329301075269,0.008558961273895875
1.0,0.05905905905905906,0.0,0.5895329301075269,0.008558961273895875
1.0,0.06006006006006006,0.0,0.5895329301075269,0.008558961273895875
1.0,0.06106106106106106,0.0,0.5895329301075269,0.008558961273895875
1.0,0.062062062062062065,0.0,0.5895329301075269,0.008558961273895875
1.0,0.06306306306306306,0.0,0.5895329301075269,0.008558961273895875
1.0,0.06406406406406406,0.0,0.5895329301075269,0.008558961273895875
1.0,0.06506506506506507,0.0,0.5895329301075269,0.008558961273895875
1.0,0.06606606606606606,0.0,0.5895329301075269,0.008558961273895875
1.0,0.06706706706706707,0.0,0.5895329301075269,0.008558961273895875
1.0,0.06806806806806806,0.0,0.5895329301075269,0.008558961273895875
1.0,0.06906906906906907,0.0,0.5895329301075269,0.008558961273895875
1.0,0.07007007007007007,0.0,0.5895329301075269,0.008558961273895875
1.0,0.07107107107107107,0.0,0.5895329301075269,0.008558961273895875
1.0,0.07207207207207207,0.0,0.5895329301075269,0.008558961273895875
1.0,0.07307307307307308,0.0,0.5895329301075269,0.008558961273895875
1.0,0.07407407407407407,0.0,0.5895329301075269,0.008558961273895875
1.0,0.07507507507507508,0.0,0.5895329301075269,0.008558961273895875
1.0,0.07607607607607608,0.0,0.5895329301075269,0.008558961273895875
1.0,0.07707707707707707,0.0,0.5895329301075269,0.008558961273895875
1.0,0.07807807807807808,0.0,0.5895329301075269,0.008558961273895875
1.0,0.07907907907907907,0.0,0.5895329301075269,0.008558961273895875
1.0,0.08008008008008008,0.0,0.5895329301075269,0.008558961273895875
1.0,0.08108108108108109,0.0,0.5895329301075269,0.008558961273895875
1.0,0.08208208208208208,0.0,0.5895329301075269,0.008558961273895875
1.0,0.08308308308308308,0.0,0.5895329301075269,0.008558961273895875
1.0,0.08408408408408408,0.0,0.5895329301075269,0.008558961273895875
1.0,0.08508508508508508,0.0,0.5895329301075269,0.008558961273895875
1.0,0.08608608608608609,0.0,0.5895329301075269,0.008558961273895875
1.0,0.08708708708708708,0.0,0.5895329301075269,0.008558961273895875
1.0,0.08808808808808809,0.0,0.5895329301075269,0.008558961273895875
1.0,0.0890890890890891,0.0,0.5895329301075269,0.008558961273895875
1.0,0.09009009009009009,0.0,0.5895329301075269,0.008558961273895875
1.0,0.09109109109109109,0.0,0.5895329301075269,0.008558961273895875
1.0,0.0920920920920921,0.0,0.5895329301075269,0.008558961273895875
1.0,0.09309309309309309,0.0,0.5895329301075269,0.008558961273895875
1.0,0.0940940940940941,0.0,0.5895329301075269,0.008558961273895875
1.0,0.09509509509509509,0.0,0.5895329301075269,0.008558961273895875
1.0,0.0960960960960961,0.0,0.5895329301075269,0.008558961273895875
1.0,0.0970970970970971,0.0,0.5895329301075269,0.008558961273895875
1.0,0.0980980980980981,0.0,0.5895329301075269,0.008558961273895875
1.0,0.0990990990990991,0.0,0.5895329301075269,0.008558961273895875
1.0,0.10010010010010009,0.0,0.5895329301075269,0.008558961273895875
1.0,0.1011011011011011,0.0,0.5895329301075269,0.008558961273895875
1.0,0.1021021021021021,0.0,0.5895329301075269,0.008558961273895875
1.0,0.1031031031031031,0.0,0.5895329301075269,0.008558961273895875
1.0,0.1041041041041041,0.0,0.5895329301075269,0.008558961273895875
1.0,0.10510510510510511,0.0,0.5895329301075269,0.008558961273895875
1.0,0.1061061061061061,0.0,0.5895329301075269,0.008558961273895875
1.0,0.10710710710710711,0.0,0.5895329301075269,0.008558961273895875
1.0,0.10810810810810811,0.0,0.5895329301075269,0.008558961273895875
1.0,0.1091091091091091,0.0,0.5895329301075269,0.008558961273895875
1.0,0.11011011011011011,0.0,0.5895329301075269,0.008558961273895875
1.0,0.1111111111111111,0.0,0.5895329301075269,0.008558961273895875
1.0,0.11211211211211211,0.0,0.5895329301075269,0.008558961273895875
1.0,0.11311311311311312,0.0,0.5895329301075269,0.008558961273895875
1.0,0.11411411411411411,0.0,0.5895329301075269,0.008558961273895875
1.0,0.11511511511511512,0.0,0.5895329301075269,0.008558961273895875
1.0,0.11611611611611611,0.0,0.5895329301075269,0.008558961273895875
1.0,0.11711711711711711,0.0,0.5895329301075269,0.008558961273895875
1.0,0.11811811811811812,0.0,0.5895329301075269,0.008558961273895875
1.0,0.11911911911911911,0.0,0.5895329301075269,0.008558961273895875
1.0,0.12012012012012012,0.0,0.5895329301075269,0.008558961273895875
1.0,0.12112112112112113,0.0,0.5895329301075269,0.008558961273895875
1.0,0.12212212212212212,0.0,0.5895329301075269,0.008558961273895875
1.0,0.12312312312312312,0.0,0.5895329301075269,0.008558961273895875
1.0,0.12412412412412413,0.0,0.5895329301075269,0.008558961273895875
1.0,0.12512512512512514,0.0,0.5895329301075269,0.008558961273895875
1.0,0.12612612612612611,0.0,0.5895329301075269,0.008558961273895875
1.0,0.12712712712712712,0.0,0.5895329301075269,0.008558961273895875
1.0,0.12812812812812813,0.0,0.5895329301075269,0.008558961273895875
1.0,0.12912912912912913,0.0,0.5895329301075269,0.008558961273895875
1.0,0.13013013013013014,0.0,0.5895329301075269,0.008558961273895875
1.0,0.13113113113113112,0.0,0.5895329301075269,0.008558961273895875
1.0,0.13213213213213212,0.0,0.5895329301075269,0.008558961273895875
1.0,0.13313313313313313,0.0,0.5895329301075269,0.008558961273895875
1.0,0.13413413413413414,0.0,0.5895329301075269,0.008558961273895875
1.0,0.13513513513513514,0.0,0.5895329301075269,0.008558961273895875
1.0,0.13613613613613612,0.0,0.5895329301075269,0.008558961273895875
1.0,0.13713713713713713,0.0,0.5895329301075269,0.008558961273895875
1.0,0.13813813813813813,0.0,0.5895329301075269,0.008558961273895875
1.0,0.13913913913913914,0.0,0.5895329301075269,0.008558961273895875
1.0,0.14014014014014015,0.0,0.5895329301075269,0.008558961273895875
1.0,0.14114114114114115,0.0,0.5895329301075269,0.008558961273895875
1.0,0.14214214214214213,0.0,0.5895329301075269,0.008558961273895875
1.0,0.14314314314314314,0.0,0.5895329301075269,0.008558961273895875
1.0,0.14414414414414414,0.0,0.5895329301075269,0.008558961273895875
1.0,0.14514514514514515,0.0,0.5895329301075269,0.008558961273895875
1.0,0.14614614614614616,0.0,0.5895329301075269,0.008558961273895875
1.0,0.14714714714714713,0.0,0.5895329301075269,0.008558961273895875
1.0,0.14814814814814814,0.0,0.5895329301075269,0.008558961273895875
1.0,0.14914914914914915,0.0,0.5895329301075269,0.008558961273895875
1.0,0.15015015015015015,0.0,0.5895329301075269,0.008558961273895875
1.0,0.15115115115115116,0.0,0.5895329301075269,0.008558961273895875
1.0,0.15215215215215216,0.0,0.5895329301075269,0.008558961273895875
1.0,0.15315315315315314,0.0,0.5895329301075269,0.008558961273895875
1.0,0.15415415415415415,0.0,0.5895329301075269,0.008558961273895875
1.0,0.15515515515515516,0.0,0.5895329301075269,0.008558961273895875
1.0,0.15615615615615616,0.0,0.5895329301075269,0.008558961273895875
1.0,0.15715715715715717,0.0,0.5895329301075269,0.008558961273895875
1.0,0.15815815815815815,0.0,0.5895329301075269,0.008558961273895875
1.0,0.15915915915915915,0.0,0.5895329301075269,0.008558961273895875
1.0,0.16016016016016016,0.0,0.5895329301075269,0.008558961273895875
1.0,0.16116116116116116,0.0,0.5895329301075269,0.008558961273895875
1.0,0.16216216216216217,0.0,0.5895329301075269,0.008558961273895875
1.0,0.16316316316316315,0.0,0.5895329301075269,0.008558961273895875
1.0,0.16416416416416416,0.0,0.5895329301075269,0.008558961273895875
1.0,0.16516516516516516,0.0,0.5895329301075269,0.008558961273895875
1.0,0.16616616616616617,0.0,0.5895329301075269,0.008558961273895875
1.0,0.16716716716716717,0.0,0.5895329301075269,0.008558961273895875
1.0,0.16816816816816815,0.0,0.5895329301075269,0.008558961273895875
1.0,0.16916916916916916,0.0,0.5895329301075269,0.008558961273895875
1.0,0.17017017017017017,0.0,0.5895329301075269,0.008558961273895875
1.0,0.17117117117117117,0.0,0.5895329301075269,0.008558961273895875
1.0,0.17217217217217218,0.0,0.5895329301075269,0.008558961273895875
1.0,0.17317317317317318,0.0,0.5895329301075269,0.008558961273895875
1.0,0.17417417417417416,0.0,0.5895329301075269,0.008558961273895875
1.0,0.17517517517517517,0.0,0.5895329301075269,0.008558961273895875
1.0,0.17617617617617617,0.0,0.5895329301075269,0.008558961273895875
1.0,0.17717717717717718,0.0,0.5895329301075269,0.008558961273895875
1.0,0.1781781781781782,0.0,0.5895329301075269,0.008558961273895875
1.0,0.17917917917917917,0.0,0.5895329301075269,0.008558961273895875
1.0,0.18018018018018017,0.0,0.5895329301075269,0.008558961273895875
1.0,0.18118118118118118,0.0,0.5895329301075269,0.008558961273895875
1.0,0.18218218218218218,0.0,0.5895329301075269,0.008558961273895875
1.0,0.1831831831831832,0.0,0.5895329301075269,0.008558961273895875
1.0,0.1841841841841842,0.0,0.5895329301075269,0.008558961273895875
1.0,0.18518518518518517,0.0,0.5895329301075269,0.008558961273895875
1.0,0.18618618618618618,0.0,0.5895329301075269,0.008558961273895875
1.0,0.1871871871871872,0.0,0.5895329301075269,0.008558961273895875
1.0,0.1881881881881882,0.0,0.5895329301075269,0.008558961273895875
1.0,0.1891891891891892,0.0,0.5895329301075269,0.008558961273895875
1.0,0.19019019019019018,0.0,0.5895329301075269,0.008558961273895875
1.0,0.19119119119119118,0.0,0.5895329301075269,0.008558961273895875
1.0,0.1921921921921922,0.0,0.5895329301075269,0.008558961273895875
1.0,0.1931931931931932,0.0,0.5895329301075269,0.008558961273895875
1.0,0.1941941941941942,0.0,0.5895329301075269,0.008558961273895875
1.0,0.19519519519519518,0.0,0.5895329301075269,0.008558961273895875
1.0,0.1961961961961962,0.0,0.5895329301075269,0.008558961273895875
1.0,0.1971971971971972,0.0,0.5895329301075269,0.008558961273895875
1.0,0.1981981981981982,0.0,0.5895329301075269,0.008558961273895875
1.0,0.1991991991991992,0.0,0.5895329301075269,0.008558961273895875
1.0,0.20020020020020018,0.0,0.5895329301075269,0.008558961273895875
1.0,0.2012012012012012,0.0,0.5895329301075269,0.008558961273895875
1.0,0.2022022022022022,0.0,0.5895329301075269,0.008558961273895875
1.0,0.2032032032032032,0.0,0.5895329301075269,0.008558961273895875
1.0,0.2042042042042042,0.0,0.5895329301075269,0.008558961273895875
1.0,0.20520520520520522,0.0,0.5895329301075269,0.008558961273895875
1.0,0.2062062062062062,0.0,0.5895329301075269,0.008558961273895875
1.0,0.2072072072072072,0.0,0.5895329301075269,0.008558961273895875
1.0,0.2082082082082082,0.0,0.5895329301075269,0.008558961273895875
1.0,0.2092092092092092,0.0,0.5895329301075269,0.008558961273895875
1.0,0.21021021021021022,0.0,0.5895329301075269,0.008558961273895875
1.0,0.2112112112112112,0.0,0.5895329301075269,0.008558961273895875
1.0,0.2122122122122122,0.0,0.5895329301075269,0.008558961273895875
1.0,0.2132132132132132,0.0,0.5895329301075269,0.008558961273895875
1.0,0.21421421421421422,0.0,0.5895329301075269,0.008558961273895875
1.0,0.21521521521521522,0.0,0.5895329301075269,0.008558961273895875
1.0,0.21621621621621623,0.0,0.5895329301075269,0.008558961273895875
1.0,0.2172172172172172,0.0,0.5895329301075269,0.008558961273895875
1.0,0.2182182182182182,0.0,0.5895329301075269,0.008558961273895875
1.0,0.21921921921921922,0.0,0.5895329301075269,0.008558961273895875
1.0,0.22022022022022023,0.0,0.5895329301075269,0.008558961273895875
1.0,0.22122122122122123,0.0,0.5895329301075269,0.008558961273895875
1.0,0.2222222222222222,0.0,0.5895329301075269,0.008558961273895875
1.0,0.22322322322322322,0.0,0.5895329301075269,0.008558961273895875
1.0,0.22422422422422422,0.0,0.5895329301075269,0.008558961273895875
1.0,0.22522522522522523,0.0,0.5895329301075269,0.008558961273895875
1.0,0.22622622622622623,0.0,0.5895329301075269,0.008558961273895875
1.0,0.2272272272272272,0.0,0.5895329301075269,0.008558961273895875
1.0,0.22822822822822822,0.0,0.5895329301075269,0.008558961273895875
1.0,0.22922922922922923,0.0,0.5895329301075269,0.008558961273895875
1.0,0.23023023023023023,0.0,0.5895329301075269,0.008558961273895875
1.0,0.23123123123123124,0.0,0.5895329301075269,0.008558961273895875
1.0,0.23223223223223222,0.0,0.5895329301075269,0.008558961273895875
1.0,0.23323323323323322,0.0,0.5895329301075269,0.008558961273895875
1.0,0.23423423423423423,0.0,0.5895329301075269,0.008558961273895875
1.0,0.23523523523523523,0.0,0.5895329301075269,0.008558961273895875
1.0,0.23623623623623624,0.0,0.5895329301075269,0.008558961273895875
1.0,0.23723723723723725,0.0,0.5895329301075269,0.008558961273895875
1.0,0.23823823823823823,0.0,0.5895329301075269,0.008558961273895875
1.0,0.23923923923923923,0.0,0.5895329301075269,0.008558961273895875
1.0,0.24024024024024024,0.0,0.5895329301075269,0.008558961273895875
1.0,0.24124124124124124,0.0,0.5895329301075269,0.008558961273895875
1.0,0.24224224224224225,0.0,0.5895329301075269,0.008558961273895875
1.0,0.24324324324324323,0.0,0.5895329301075269,0.008558961273895875
1.0,0.24424424424424424,0.0,0.5895329301075269,0.008558961273895875
1.0,0.24524524524524524,0.0,0.5895329301075269,0.008558961273895875
1.0,0.24624624624624625,0.0,0.5895329301075269,0.008558961273895875
1.0,0.24724724724724725,0.0,0.5895329301075269,0.008558961273895875
1.0,0.24824824824824826,0.0,0.5895329301075269,0.008558961273895875
1.0,0.24924924924924924,0.0,0.5895329301075269,0.008558961273895875
1.0,0.2502502502502503,0.0,0.5895329301075269,0.008558961273895875
1.0,0.25125125125125125,0.0,0.5895329301075269,0.008558961273895875
1.0,0.25225225225225223,0.0,0.5895329301075269,0.008558961273895875
1.0,0.25325325325325326,0.0,0.5895329301075269,0.008558961273895875
1.0,0.25425425425425424,0.0,0.5895329301075269,0.008558961273895875
1.0,0.2552552552552553,0.0,0.5895329301075269,0.008558961273895875
1.0,0.25625625625625625,0.0,0.5895329301075269,0.008558961273895875
1.0,0.25725725725725723,0.0,0.5895329301075269,0.008558961273895875
1.0,0.25825825825825827,0.0,0.5895329301075269,0.008558961273895875
1.0,0.25925925925925924,0.0,0.5895329301075269,0.008558961273895875
1.0,0.2602602602602603,0.0,0.5895329301075269,0.008558961273895875
1.0,0.26126126126126126,0.0,0.5895329301075269,0.008558961273895875
1.0,0.26226226226226224,0.0,0.5895329301075269,0.008558961273895875
1.0,0.26326326326326327,0.0,0.5895329301075269,0.008558961273895875
1.0,0.26426426426426425,0.0,0.5895329301075269,0.008558961273895875
1.0,0.2652652652652653,0.0,0.5895329301075269,0.008558961273895875
1.0,0.26626626626626626,0.0,0.5895329301075269,0.008558961273895875
1.0,0.26726726726726724,0.0,0.5895329301075269,0.008558961273895875
1.0,0.2682682682682683,0.0,0.5895329301075269,0.008558961273895875
1.0,0.26926926926926925,0.0,0.5895329301075269,0.008558961273895875
1.0,0.2702702702702703,0.0,0.5895329301075269,0.008558961273895875
1.0,0.27127127127127126,0.0,0.5895329301075269,0.008558961273895875
1.0,0.27227227227227224,0.0,0.5895329301075269,0.008558961273895875
1.0,0.2732732732732733,0.0,0.5895329301075269,0.008558961273895875
1.0,0.27427427427427425,0.0,0.5895329301075269,0.008558961273895875
1.0,0.2752752752752753,0.0,0.5895329301075269,0.008558961273895875
1.0,0.27627627627627627,0.0,0.5895329301075269,0.008558961273895875
1.0,0.2772772772772773,0.0,0.5895329301075269,0.008558961273895875
1.0,0.2782782782782783,0.0,0.5895329301075269,0.008558961273895875
1.0,0.27927927927927926,0.0,0.5895329301075269,0.008558961273895875
1.0,0.2802802802802803,0.0,0.5895329301075269,0.008558961273895875
1.0,0.28128128128128127,0.0,0.5895329301075269,0.008558961273895875
1.0,0.2822822822822823,0.0,0.5895329301075269,0.008558961273895875
1.0,0.2832832832832833,0.0,0.5895329301075269,0.008558961273895875
1.0,0.28428428428428426,0.0,0.5895329301075269,0.008558961273895875
1.0,0.2852852852852853,0.0,0.5895329301075269,0.008558961273895875
1.0,0.2862862862862863,0.0,0.5895329301075269,0.008558961273895875
1.0,0.2872872872872873,0.0,0.5895329301075269,0.008558961273895875
1.0,0.2882882882882883,0.0,0.5895329301075269,0.008558961273895875
1.0,0.28928928928928926,0.0,0.5895329301075269,0.008558961273895875
1.0,0.2902902902902903,0.0,0.5895329301075269,0.008558961273895875
1.0,0.2912912912912913,0.0,0.5895329301075269,0.008558961273895875
1.0,0.2922922922922923,0.0,0.5895329301075269,0.008558961273895875
1.0,0.2932932932932933,0.0,0.5895329301075269,0.008558961273895875
1.0,0.29429429429429427,0.0,0.5895329301075269,0.008558961273895875
1.0,0.2952952952952953,0.0,0.5895329301075269,0.008558961273895875
1.0,0.2962962962962963,0.0,0.5895329301075269,0.008558961273895875
1.0,0.2972972972972973,0.0,0.5895329301075269,0.008558961273895875
1.0,0.2982982982982983,0.0,0.5895329301075269,0.008558961273895875
1.0,0.29929929929929927,0.0,0.5895329301075269,0.008558961273895875
1.0,0.3003003003003003,0.0,0.5895329301075269,0.008558961273895875
1.0,0.3013013013013013,0.0,0.5895329301075269,0.008558961273895875
1.0,0.3023023023023023,0.0,0.5895329301075269,0.008558961273895875
1.0,0.3033033033033033,0.0,0.5895329301075269,0.008558961273895875
1.0,0.30430430430430433,0.0,0.5895329301075269,0.008558961273895875
1.0,0.3053053053053053,0.0,0.5895329301075269,0.008558961273895875
1.0,0.3063063063063063,0.0,0.5895329301075269,0.008558961273895875
1.0,0.3073073073073073,0.0,0.5895329301075269,0.008558961273895875
1.0,0.3083083083083083,0.0,0.5895329301075269,0.008558961273895875
1.0,0.30930930930930933,0.0,0.5895329301075269,0.008558961273895875
1.0,0.3103103103103103,0.0,0.5895329301075269,0.008558961273895875
1.0,0.3113113113113113,0.0,0.5895329301075269,0.008558961273895875
1.0,0.3123123123123123,0.0,0.5895329301075269,0.008558961273895875
1.0,0.3133133133133133,0.0,0.5895329301075269,0.008558961273895875
1.0,0.31431431431431434,0.0,0.5895329301075269,0.008558961273895875
1.0,0.3153153153153153,0.0,0.5895329301075269,0.008558961273895875
1.0,0.3163163163163163,0.0,0.5895329301075269,0.008558961273895875
1.0,0.3173173173173173,0.0,0.5895329301075269,0.008558961273895875
1.0,0.3183183183183183,0.0,0.5895329301075269,0.008558961273895875
1.0,0.31931931931931934,0.0,0.5895329301075269,0.008558961273895875
1.0,0.3203203203203203,0.0,0.5895329301075269,0.008558961273895875
1.0,0.3213213213213213,0.0,0.5895329301075269,0.008558961273895875
1.0,0.32232232232232233,0.0,0.5895329301075269,0.008558961273895875
1.0,0.3233233233233233,0.0,0.5895329301075269,0.008558961273895875
1.0,0.32432432432432434,0.0,0.5895329301075269,0.008558961273895875
1.0,0.3253253253253253,0.0,0.5895329301075269,0.008558961273895875
1.0,0.3263263263263263,0.0,0.5895329301075269,0.008558961273895875
1.0,0.32732732732732733,0.0,0.5895329301075269,0.008558961273895875
1.0,0.3283283283283283,0.0,0.5895329301075269,0.008558961273895875
1.0,0.32932932932932935,0.0,0.5895329301075269,0.008558961273895875
1.0,0.3303303303303303,0.0,0.5895329301075269,0.008558961273895875
1.0,0.3313313313313313,0.0,0.5895329301075269,0.008558961273895875
1.0,0.33233233233233234,0.0,0.5895329301075269,0.008558961273895875
1.0,0.3333333333333333,0.0,0.5895329301075269,0.008558961273895875
1.0,0.33433433433433435,0.0,0.5895329301075269,0.008558961273895875
1.0,0.3353353353353353,0.0,0.5895329301075269,0.008558961273895875
1.0,0.3363363363363363,0.0,0.5895329301075269,0.008558961273895875
1.0,0.33733733733733734,0.0,0.5895329301075269,0.008558961273895875
1.0,0.3383383383383383,0.0,0.5895329301075269,0.008558961273895875
1.0,0.33933933933933935,0.0,0.5895329301075269,0.008558961273895875
1.0,0.34034034034034033,0.0,0.5895329301075269,0.008558961273895875
1.0,0.34134134134134136,0.0,0.5895329301075269,0.008558961273895875
1.0,0.34234234234234234,0.0,0.5895329301075269,0.008558961273895875
1.0,0.3433433433433433,0.0,0.5895329301075269,0.008558961273895875
1.0,0.34434434434434436,0.0,0.5895329301075269,0.008558961273895875
1.0,0.34534534534534533,0.0,0.5895329301075269,0.008558961273895875
1.0,0.34634634634634637,0.0,0.5895329301075269,0.008558961273895875
1.0,0.34734734734734735,0.0,0.5895329301075269,0.008558961273895875
1.0,0.3483483483483483,0.0,0.5895329301075269,0.008558961273895875
1.0,0.34934934934934936,0.0,0.5895329301075269,0.008558961273895875
1.0,0.35035035035035034,0.0,0.5895329301075269,0.008558961273895875
1.0,0.35135135135135137,0.0,0.5895329301075269,0.008558961273895875
1.0,0.35235235235235235,0.0,0.5895329301075269,0.008558961273895875
1.0,0.3533533533533533,0.0,0.5895329301075269,0.008558961273895875
1.0,0.35435435435435436,0.0,0.5895329301075269,0.008558961273895875
1.0,0.35535535535535534,0.0,0.5895329301075269,0.008558961273895875
1.0,0.3563563563563564,0.0,0.5895329301075269,0.008558961273895875
1.0,0.35735735735735735,0.0,0.5895329301075269,0.008558961273895875
1.0,0.35835835835835833,0.0,0.5895329301075269,0.008558961273895875
1.0,0.35935935935935936,0.0,0.5895329301075269,0.008558961273895875
1.0,0.36036036036036034,0.0,0.5895329301075269,0.008558961273895875
1.0,0.3613613613613614,0.0,0.5895329301075269,0.008558961273895875
1.0,0.36236236236236236,0.0,0.5895329301075269,0.008558961273895875
1.0,0.36336336336336333,0.0,0.5895329301075269,0.008558961273895875
1.0,0.36436436436436437,0.0,0.5895329301075269,0.008558961273895875
1.0,0.36536536536536535,0.0,0.5895329301075269,0.008558961273895875
1.0,0.3663663663663664,0.0,0.5895329301075269,0.008558961273895875
1.0,0.36736736736736736,0.0,0.5895329301075269,0.008558961273895875
1.0,0.3683683683683684,0.0,0.5895329301075269,0.008558961273895875
1.0,0.36936936936936937,0.0,0.5895329301075269,0.008558961273895875
1.0,0.37037037037037035,0.0,0.5895329301075269,0.008558961273895875
1.0,0.3713713713713714,0.0,0.5895329301075269,0.008558961273895875
1.0,0.37237237237237236,0.0,0.5895329301075269,0.008558961273895875
1.0,0.3733733733733734,0.0,0.5895329301075269,0.008558961273895875
1.0,0.3743743743743744,0.0,0.5895329301075269,0.008558961273895875
1.0,0.37537537537537535,0.0,0.5895329301075269,0.008558961273895875
1.0,0.3763763763763764,0.0,0.5895329301075269,0.008558961273895875
1.0,0.37737737737737737,0.0,0.5895329301075269,0.008558961273895875
1.0,0.3783783783783784,0.0,0.5895329301075269,0.008558961273895875
1.0,0.3793793793793794,0.0,0.5895329301075269,0.008558961273895875
1.0,0.38038038038038036,0.0,0.5895329301075269,0.008558961273895875
1.0,0.3813813813813814,0.0,0.5895329301075269,0.008558961273895875
1.0,0.38238238238238237,0.0,0.5895329301075269,0.008558961273895875
1.0,0.3833833833833834,0.0,0.5895329301075269,0.008558961273895875
1.0,0.3843843843843844,0.0,0.5895329301075269,0.008558961273895875
1.0,0.38538538538538536,0.0,0.5895329301075269,0.008558961273895875
1.0,0.3863863863863864,0.0,0.5895329301075269,0.008558961273895875
1.0,0.38738738738738737,0.0,0.5895329301075269,0.008558961273895875
1.0,0.3883883883883884,0.0,0.5895329301075269,0.008558961273895875
1.0,0.3893893893893894,0.0,0.5895329301075269,0.008558961273895875
1.0,0.39039039039039036,0.0,0.5895329301075269,0.008558961273895875
1.0,0.3913913913913914,0.0,0.5895329301075269,0.008558961273895875
1.0,0.3923923923923924,0.0,0.5895329301075269,0.008558961273895875
1.0,0.3933933933933934,0.0,0.5895329301075269,0.008558961273895875
1.0,0.3943943943943944,0.0,0.5895329301075269,0.008558961273895875
1.0,0.39539539539539537,0.0,0.5895329301075269,0.008558961273895875
1.0,0.3963963963963964,0.0,0.5895329301075269,0.008558961273895875
1.0,0.3973973973973974,0.0,0.5895329301075269,0.008558961273895875
1.0,0.3983983983983984,0.0,0.5895329301075269,0.008558961273895875
1.0,0.3993993993993994,0.0,0.5895329301075269,0.008558961273895875
1.0,0.40040040040040037,0.0,0.5895329301075269,0.008558961273895875
1.0,0.4014014014014014,0.0,0.5895329301075269,0.008558961273895875
1.0,0.4024024024024024,0.0,0.5895329301075269,0.008558961273895875
1.0,0.4034034034034034,0.0,0.5895329301075269,0.008558961273895875
1.0,0.4044044044044044,0.0,0.5895329301075269,0.008558961273895875
1.0,0.40540540540540543,0.0,0.5895329301075269,0.008558961273895875
1.0,0.4064064064064064,0.0,0.5895329301075269,0.008558961273895875
1.0,0.4074074074074074,0.0,0.5895329301075269,0.008558961273895875
1.0,0.4084084084084084,0.0,0.5895329301075269,0.008558961273895875
1.0,0.4094094094094094,0.0,0.5895329301075269,0.008558961273895875
1.0,0.41041041041041043,0.0,0.5895329301075269,0.008558961273895875
1.0,0.4114114114114114,0.0,0.5895329301075269,0.008558961273895875
1.0,0.4124124124124124,0.0,0.5895329301075269,0.008558961273895875
1.0,0.4134134134134134,0.0,0.5895329301075269,0.008558961273895875
1.0,0.4144144144144144,0.0,0.5895329301075269,0.008558961273895875
1.0,0.41541541541541543,0.0,0.5895329301075269,0.008558961273895875
1.0,0.4164164164164164,0.0,0.5895329301075269,0.008558961273895875
1.0,0.4174174174174174,0.0,0.5895329301075269,0.008558961273895875
1.0,0.4184184184184184,0.0,0.5895329301075269,0.008558961273895875
1.0,0.4194194194194194,0.0,0.5895329301075269,0.008558961273895875
1.0,0.42042042042042044,0.0,0.5895329301075269,0.008558961273895875
1.0,0.4214214214214214,0.0,0.5895329301075269,0.008558961273895875
1.0,0.4224224224224224,0.0,0.5895329301075269,0.008558961273895875
1.0,0.42342342342342343,0.0,0.5895329301075269,0.008558961273895875
1.0,0.4244244244244244,0.0,0.5895329301075269,0.008558961273895875
1.0,0.42542542542542544,0.0,0.5895329301075269,0.008558961273895875
1.0,0.4264264264264264,0.0,0.5895329301075269,0.008558961273895875
1.0,0.4274274274274274,0.0,0.5895329301075269,0.008558961273895875
1.0,0.42842842842842843,0.0,0.5895329301075269,0.008558961273895875
1.0,0.4294294294294294,0.0,0.5895329301075269,0.008558961273895875
1.0,0.43043043043043044,0.0,0.5895329301075269,0.008558961273895875
1.0,0.4314314314314314,0.0,0.5895329301075269,0.008558961273895875
1.0,0.43243243243243246,0.0,0.5895329301075269,0.008558961273895875
1.0,0.43343343343343343,0.0,0.5895329301075269,0.008558961273895875
1.0,0.4344344344344344,0.0,0.5895329301075269,0.008558961273895875
1.0,0.43543543543543545,0.0,0.5895329301075269,0.008558961273895875
1.0,0.4364364364364364,0.0,0.5895329301075269,0.008558961273895875
1.0,0.43743743743743746,0.0,0.5895329301075269,0.008558961273895875
1.0,0.43843843843843844,0.0,0.5895329301075269,0.008558961273895875
1.0,0.4394394394394394,0.0,0.5895329301075269,0.008558961273895875
1.0,0.44044044044044045,0.0,0.5895329301075269,0.008558961273895875
1.0,0.44144144144144143,0.0,0.5895329301075269,0.008558961273895875
1.0,0.44244244244244246,0.0,0.5895329301075269,0.008558961273895875
1.0,0.44344344344344344,0.0,0.5895329301075269,0.008558961273895875
1.0,0.4444444444444444,0.0,0.5895329301075269,0.008558961273895875
1.0,0.44544544544544545,0.0,0.5895329301075269,0.008558961273895875
1.0,0.44644644644644643,0.0,0.5895329301075269,0.008558961273895875
1.0,0.44744744744744747,0.0,0.5895329301075269,0.008558961273895875
1.0,0.44844844844844844,0.0,0.5895329301075269,0.008558961273895875
1.0,0.4494494494494494,0.0,0.5895329301075269,0.008558961273895875
1.0,0.45045045045045046,0.0,0.5895329301075269,0.008558961273895875
1.0,0.45145145145145144,0.0,0.5895329301075269,0.008558961273895875
1.0,0.45245245245245247,0.0,0.5895329301075269,0.008558961273895875
1.0,0.45345345345345345,0.0,0.5895329301075269,0.008558961273895875
1.0,0.4544544544544544,0.0,0.5895329301075269,0.008558961273895875
1.0,0.45545545545545546,0.0,0.5895329301075269,0.008558961273895875
1.0,0.45645645645645644,0.0,0.5895329301075269,0.008558961273895875
1.0,0.4574574574574575,0.0,0.5895329301075269,0.008558961273895875
1.0,0.45845845845845845,0.0,0.5895329301075269,0.008558961273895875
1.0,0.45945945945945943,0.0,0.5895329301075269,0.008558961273895875
1.0,0.46046046046046046,0.0,0.5895329301075269,0.008558961273895875
1.0,0.46146146146146144,0.0,0.5895329301075269,0.008558961273895875
1.0,0.4624624624624625,0.0,0.5895329301075269,0.008558961273895875
1.0,0.46346346346346345,0.0,0.5895329301075269,0.008558961273895875
1.0,0.46446446446446443,0.0,0.5895329301075269,0.008558961273895875
1.0,0.46546546546546547,0.0,0.5895329301075269,0.008558961273895875
1.0,0.46646646646646645,0.0,0.5895329301075269,0.008558961273895875
1.0,0.4674674674674675,0.0,0.5895329301075269,0.008558961273895875
1.0,0.46846846846846846,0.0,0.5895329301075269,0.008558961273895875
0.9999791219559768,0.4694694694694695,1.483177723667621e-05,0.5895329301075269,0.008558961273895875
0.9999500742425533,0.47047047047047047,3.5467293392052065e-05,0.5895329301075269,0.008558961273895875
0.9999210265291298,0.47147147147147145,5.6102809547427825e-05,0.5895329301075269,0.008558961273895875
0.9998919788157062,0.4724724724724725,7.67383257028027e-05,0.5895329301075269,0.008558961273895875
0.9998629311022827,0.47347347347347346,9.73738418581786e-05,0.5895329301075269,0.008558961273895875
0.9998338833888594,0.4744744744744745,0.00011800935801355438,0.5895329301075269,0.008558961273895875
0.9998048356754358,0.4754754754754755,0.00013864487416892922,0.5895329301075269,0.008558961273895875
0.9997757879620122,0.47647647647647645,0.00015928039032430487,0.5895329301075269,0.008558961273895875
0.9997467402485886,0.4774774774774775,0.0001799159064796823,0.5895329301075269,0.008558961273895875
0.9997176925351652,0.47847847847847846,0.00020055142263505538,0.5895329301075269,0.008558961273895875
0.9996886448217417,0.4794794794794795,0.00022118693879043298,0.5895329301075269,0.008558961273895875
0.9996595971083181,0.4804804804804805,0.00024182245494580883,0.5895329301075269,0.008558961273895875
0.9996305493948946,0.48148148148148145,0.0002624579711011836,0.5895329301075269,0.008558961273895875
0.9996015016814712,0.4824824824824825,0.00028309348725655926,0.5895329301075269,0.008558961273895875
0.9995724539680476,0.48348348348348347,0.00030372900341193423,0.5895329301075269,0.008558961273895875
0.9973211840879573,0.4844844844844845,0.00223809934796712,0.5895329301075269,0.008558961273895875
0.997292136374534,0.4854854854854855,0.0022406948080561373,0.5895329301075269,0.008558961273895875
0.9972630886611105,0.48648648648648646,0.0022434770788627763,0.5895329301075269,0.008558961273895875
0.9972340409476869,0.4874874874874875,0.002246445466279906,0.5895329301075269,0.008558961273895875
0.9972049932342633,0.48848848848848847,0.0022495992335548236,0.5895329301075269,0.008558961273895875
0.9971759455208399,0.4894894894894895,0.002252937602177507,0.5895329301075269,0.008558961273895875
0.9971468978074164,0.4904904904904905,0.002256459752810635,0.5895329301075269,0.008558961273895875
0.9971178500939928,0.49149149149149146,0.0022601648262587223,0.5895329301075269,0.008558961273895875
0.9970888023805692,0.4924924924924925,0.0022640519244739063,0.5895329301075269,0.008558961273895875
0.9970597546671457,0.4934934934934935,0.0022681201115957025,0.5895329301075269,0.008558961273895875
0.9970307069537223,0.4944944944944945,0.0022723684150220396,0.5895329301075269,0.008558961273895875
0.9970016592402987,0.4954954954954955,0.0022767958265089696,0.5895329301075269,0.008558961273895875
0.9969726115268752,0.4964964964964965,0.002281401303296182,0.5895329301075269,0.008558961273895875
0.9969435638134516,0.4974974974974975,0.002286183769255747,0.5895329301075269,0.008558961273895875
0.9969145161000282,0.4984984984984985,0.002291142116061177,0.5895329301075269,0.008558961273895875
0.9968854683866046,0.4994994994994995,0.0022962752043742814,0.5895329301075269,0.008558961273895875
0.9958147540065144,0.5005005005005005,0.0025042656470677985,0.5895329301075269,0.008558961273895875
0.995785706293091,0.5015015015015015,0.0025090977763593254,0.5895329301075269,0.008558961273895875
0.9957566585796674,0.5025025025025025,0.002514089998514915,0.5895329301075269,0.008558961273895875
0.9957276108662438,0.5035035035035035,0.002519241361796862,0.5895329301075269,0.008558961273895875
0.9956985631528202,0.5045045045045045,0.002524550892019709,0.5895329301075269,0.008558961273895875
0.9956695154393969,0.5055055055055055,0.002530017593389597,0.5895329301075269,0.008558961273895875
0.9956404677259734,0.5065065065065065,0.0025356404493496877,0.5895329301075269,0.008558961273895875
0.9956114200125498,0.5075075075075075,0.0025414184234300464,0.5895329301075269,0.008558961273895875
0.9955823722991263,0.5085085085085085,0.002547350460100665,0.5895329301075269,0.008558961273895875
0.9955533245857029,0.5095095095095095,0.002553435485626071,0.5895329301075269,0.008558961273895875
0.9955242768722793,0.5105105105105106,0.0025596724089202976,0.5895329301075269,0.008558961273895875
0.9954952291588557,0.5115115115115115,0.0025660601224007187,0.5895329301075269,0.008558961273895875
0.9954661814454322,0.5125125125125125,0.0025725975028396044,0.5895329301075269,0.008558961273895875
0.9954371337320088,0.5135135135135135,0.002579283412211994,0.5895329301075269,0.008558961273895875
0.9954080860185852,0.5145145145145145,0.0025861166985388204,0.5895329301075269,0.008558961273895875
0.9953790383051616,0.5155155155155156,0.0025930961967240403,0.5895329301075269,0.008558961273895875
0.9875926007606639,0.5165165165165165,0.004219956674592317,0.5895329301075269,0.008558961273895875
0.9872803659201054,0.5175175175175175,0.004276737362803549,0.5895329301075269,0.008558961273895875
0.9864207079994354,0.5185185185185185,0.004532887516564377,0.5895329301075269,0.008558961273895875
0.9855610500787653,0.5195195195195195,0.004893660447095082,0.5895329301075269,0.008558961273895875
0.9829114078255023,0.5205205205205206,0.0066012831120638975,0.5895329301075269,0.008558961273895875
0.9828028484142687,0.5215215215215215,0.0066123873400004704,0.5895329301075269,0.008558961273895875
0.9826942890030352,0.5225225225225225,0.006623972639170151,0.5895329301075269,0.008558961273895875
0.9825857295918018,0.5235235235235235,0.006636036489987731,0.5895329301075269,0.008558961273895875
0.9824771701805682,0.5245245245245245,0.006648576287455845,0.5895329301075269,0.008558961273895875
0.9823686107693348,0.5255255255255256,0.006661589343804483,0.5895329301075269,0.008558961273895875
0.9822600513581015,0.5265265265265265,0.006675072891179269,0.5895329301075269,0.008558961273895875
0.9821514919468678,0.5275275275275275,0.006689024084372919,0.5895329301075269,0.008558961273895875
0.9820429325356345,0.5285285285285285,0.006703440003593912,0.5895329301075269,0.008558961273895875
0.981934373124401,0.5295295295295295,0.006718317657266826,0.5895329301075269,0.008558961273895875
0.9818258137131675,0.5305305305305306,0.006733653984858499,0.5895329301075269,0.008558961273895875
0.9817060961989069,0.5315315315315315,0.0067489388850982615,0.5895329301075269,0.008558961273895875
0.981557863532466,0.5325325325325325,0.006763458096779425,0.5895329301075269,0.008558961273895875
0.9814096308660253,0.5335335335335335,0.006778547140126069,0.5895329301075269,0.008558961273895875
0.9812613981995846,0.5345345345345345,0.006794202218572248,0.5895329301075269,0.008558961273895875
0.9811131655331439,0.5355355355355356,0.00681041942869256,0.5895329301075269,0.008558961273895875
0.980964932866703,0.5365365365365365,0.006827194764652222,0.5895329301075269,0.008558961273895875
0.9808167002002622,0.5375375375375375,0.006844524122698156,0.5895329301075269,0.008558961273895875
0.9796288862441567,0.5385385385385385,0.007204268118948019,0.5895329301075269,0.008558961273895875
0.9795077640204085,0.5395395395395395,0.007214747273739018,0.5895329301075269,0.008558961273895875
0.9793866417966605,0.5405405405405406,0.007225688655072914,0.5895329301075269,0.008558961273895875
0.9792655195729123,0.5415415415415415,0.0072370901665009925,0.5895329301075269,0.008558961273895875
0.9791443973491643,0.5425425425425425,0.00724894963687654,0.5895329301075269,0.008558961273895875
0.9790232751254161,0.5435435435435435,0.007261264822313729,0.5895329301075269,0.008558961273895875
0.9789021529016682,0.5445445445445445,0.007274033408189736,0.5895329301075269,0.008558961273895875
0.97878103067792,0.5455455455455456,0.007287253011186113,0.5895329301075269,0.008558961273895875
0.978659908454172,0.5465465465465466,0.00730092118136559,0.5895329301075269,0.008558961273895875
0.9785387862304237,0.5475475475475475,0.007315035404280402,0.5895329301075269,0.008558961273895875
0.977437271840009,0.5485485485485485,0.007346212931089436,0.5895329301075269,0.008558961273895875
0.9773161496162609,0.5495495495495496,0.007360904184306896,0.5895329301075269,0.008558961273895875
0.977195027392513,0.5505505505505506,0.007376033867470987,0.5895329301075269,0.008558961273895875
0.9770739051687648,0.5515515515515516,0.007391599288347715,0.5895329301075269,0.008558961273895875
0.9748694496116831,0.5525525525525525,0.00758848819867981,0.5895329301075269,0.008558961273895875
0.974748327387935,0.5535535535535535,0.007603963583641607,0.5895329301075269,0.008558961273895875
0.974627205164187,0.5545545545545546,0.00761986026401297,0.5895329301075269,0.008558961273895875
0.974506082940439,0.5555555555555556,0.007636175608687317,0.5895329301075269,0.008558961273895875
0.9743849607166908,0.5565565565565566,0.007652906939995386,0.5895329301075269,0.008558961273895875
0.9742638384929426,0.5575575575575575,0.007670051535657314,0.5895329301075269,0.008558961273895875
0.9741427162691945,0.5585585585585585,0.007687606630736233,0.5895329301075269,0.008558961273895875
0.9740215940454464,0.5595595595595596,0.007705569419590728,0.5895329301075269,0.008558961273895875
0.9728922506103823,0.5605605605605606,0.008008638132886778,0.5895329301075269,0.008558961273895875
0.9728308524140462,0.5615615615615616,0.008015320069935048,0.5895329301075269,0.008558961273895875
0.9718435282177097,0.5625625625625625,0.008022309064375791,0.5895329301075269,0.008558961273895875
0.9717821300213735,0.5635635635635635,0.008029154888620483,0.5895329301075269,0.008558961273895875
0.9717207318250372,0.5645645645645646,0.00803614238920574,0.5895329301075269,0.008558961273895875
0.9716593336287008,0.5655655655655656,0.008043271196892417,0.5895329301075269,0.008558961273895875
0.9715979354323646,0.5665665665665666,0.008050540936295383,0.5895329301075269,0.008558961273895875
0.9688877751004945,0.5675675675675675,0.008323472119000794,0.5895329301075269,0.008558961273895875
0.9687700180161699,0.5685685685685685,0.008337738253521326,0.5895329301075269,0.008558961273895875
0.9686522609318454,0.5695695695695696,0.00835230878598598,0.5895329301075269,0.008558961273895875
0.9685345038475208,0.5705705705705706,0.008367182126167732,0.5895329301075269,0.008558961273895875
0.9674363545965297,0.5715715715715716,0.008492959753063545,0.5895329301075269,0.008558961273895875
0.9673185975122053,0.5725725725725725,0.008508002712447607,0.5895329301075269,0.008558961273895875
0.9672008404278808,0.5735735735735735,0.008523341290048813,0.5895329301075269,0.008558961273895875
0.9670830833435562,0.5745745745745746,0.008538973892808338,0.5895329301075269,0.008558961273895875
0.9669653262592317,0.5755755755755756,0.00855489890888548,0.5895329301075269,0.008558961273895875
0.9668475691749071,0.5765765765765766,0.008571114708380363,0.5895329301075269,0.008558961273895875
0.9655123449612036,0.5775775775775776,0.00859309910712556,0.5895329301075269,0.008558961273895875
0.9652319250515536,0.5785785785785785,0.008622102097984871,0.5895329301075269,0.008558961273895875
0.9649515051419038,0.5795795795795796,0.008654308087929323,0.5895329301075269,0.008558961273895875
0.9646710852322536,0.5805805805805806,0.008689681463842806,0.5895329301075269,0.008558961273895875
0.9634560124494151,0.5815815815815816,0.008712641180951284,0.5895329301075269,0.008558961273895875
0.9631662638261076,0.5825825825825826,0.00875314675279806,0.5895329301075269,0.008558961273895875
0.9618806670646699,0.5835835835835835,0.009023557979712778,0.5895329301075269,0.008558961273895875
0.9617741901143296,0.5845845845845846,0.00903443437889436,0.5895329301075269,0.008558961273895875
0.9616677131639892,0.5855855855855856,0.009045568040693445,0.5895329301075269,0.008558961273895875
0.9606353103803156,0.5865865865865866,0.009133623457156102,0.5895329301075269,0.008558961273895875
0.9605288334299753,0.5875875875875876,0.009144988434195114,0.5895329301075269,0.008558961273895875
0.960422356479635,0.5885885885885885,0.009156606367261216,0.5895329301075269,0.008558961273895875
0.9603158795292946,0.5895895895895896,0.009168476294746626,0.5895329301075269,0.008558961273895875
0.9602094025789544,0.5905905905905906,0.009180597239213202,0.5895329301075269,0.008558961273895875
0.960102925628614,0.5915915915915916,0.009192968207762017,0.5895329301075269,0.008558961273895875
0.9590705224467924,0.5925925925925926,0.009371876510049188,0.5895329301075269,0.008558961273895875
0.9588746704454572,0.5935935935935935,0.009396414113268806,0.5895329301075269,0.008558961273895875
0.9550289279041243,0.5945945945945946,0.00938917120004749,0.5895329301075269,0.008558961273895875
0.954665824299829,0.5955955955955956,0.009404960316126554,0.5895329301075269,0.008558961273895875
0.9543027206955338,0.5965965965965966,0.009424314076267438,0.5895329301075269,0.008558961273895875
0.9539396170912384,0.5975975975975976,0.009447210572674516,0.5895329301075269,0.008558961273895875
0.9535765134869432,0.5985985985985985,0.00947362411840775,0.5895329301075269,0.008558961273895875
0.953213409882648,0.5995995995995996,0.009503525388265356,0.5895329301075269,0.008558961273895875
0.9517913412755263,0.6006006006006006,0.009493077728644548,0.5895329301075269,0.008558961273895875
0.9515388895992217,0.6016016016016016,0.009501679213934886,0.5895329301075269,0.008558961273895875
0.9512864379229172,0.6026026026026026,0.009512300309826017,0.5895329301075269,0.008558961273895875
0.9510339862466127,0.6036036036036035,0.009524934260217686,0.5895329301075269,0.008558961273895875
0.9507815345703083,0.6046046046046046,0.009539573067804445,0.5895329301075269,0.008558961273895875
0.9505290828940038,0.6056056056056056,0.00955620751908674,0.5895329301075269,0.008558961273895875
0.9502766312176993,0.6066066066066066,0.009574827212909824,0.5895329301075269,0.008558961273895875
0.9481134071709366,0.6076076076076076,0.00969875999798259,0.5895329301075269,0.008558961273895875
0.947984476320532,0.6086086086086087,0.009707827347315026,0.5895329301075269,0.008558961273895875
0.9457027678034609,0.6096096096096096,0.009991153593210263,0.5895329301075269,0.008558961273895875
0.9455738369530562,0.6106106106106106,0.0100000164008883,0.5895329301075269,0.008558961273895875
0.9454449061026515,0.6116116116116116,0.010009136631326004,0.5895329301075269,0.008558961273895875
0.9453159752522471,0.6126126126126126,0.010018513581498497,0.5895329301075269,0.008558961273895875
0.9404499880820912,0.6136136136136137,0.010086822365304145,0.5895329301075269,0.008558961273895875
0.940247691732795,0.6146146146146146,0.010092858635967147,0.5895329301075269,0.008558961273895875
0.9400392549113825,0.6156156156156156,0.010099300225748927,0.5895329301075269,0.008558961273895875
0.9398103493179277,0.6166166166166166,0.010106197856671483,0.5895329301075269,0.008558961273895875
0.9395814437244734,0.6176176176176176,0.010113621636326266,0.5895329301075269,0.008558961273895875
0.9393525381310192,0.6186186186186187,0.010121570406984205,0.5895329301075269,0.008558961273895875
0.9391236325375646,0.6196196196196196,0.010130042932806687,0.5895329301075269,0.008558961273895875
0.9388947269441102,0.6206206206206206,0.010139037900790746,0.5895329301075269,0.008558961273895875
0.9377261117471435,0.6216216216216216,0.010095596128597414,0.5895329301075269,0.008558961273895875
0.9374824014658205,0.6226226226226226,0.010105109815499055,0.5895329301075269,0.008558961273895875
0.9372386911844977,0.6236236236236237,0.010115155638659553,0.5895329301075269,0.008558961273895875
0.9369949809031751,0.6246246246246246,0.010125732014268557,0.5895329301075269,0.008558961273895875
0.9340050034774878,0.6256256256256256,0.0104132714692475,0.5895329301075269,0.008558961273895875
0.9337507078985153,0.6266266266266266,0.010422379215596802,0.5895329301075269,0.008558961273895875
0.9334964123195427,0.6276276276276276,0.010432006017715788,0.5895329301075269,0.008558961273895875
0.9332421167405704,0.6286286286286287,0.010442150440024637,0.5895329301075269,0.008558961273895875
0.9329878211615977,0.6296296296296297,0.01045281097547685,0.5895329301075269,0.008558961273895875
0.9327335255826253,0.6306306306306306,0.010463986046649998,0.5895329301075269,0.008558961273895875
0.932479230003653,0.6316316316316316,0.010475674006879772,0.5895329301075269,0.008558961273895875
0.9322249344246804,0.6326326326326326,0.01048787314143536,0.5895329301075269,0.008558961273895875
0.9310884660448383,0.6336336336336337,0.010440172344177413,0.5895329301075269,0.008558961273895875
0.930817571313884,0.6346346346346347,0.010451260539254482,0.5895329301075269,0.008558961273895875
0.9305466765829296,0.6356356356356356,0.010462875094789074,0.5895329301075269,0.008558961273895875
0.9302834205494103,0.6366366366366366,0.010473691929311312,0.5895329301075269,0.008558961273895875
0.9300405347487968,0.6376376376376376,0.010481477671283455,0.5895329301075269,0.008558961273895875
0.9297976489481831,0.6386386386386387,0.01048974156219694,0.5895329301075269,0.008558961273895875
0.9295547631475695,0.6396396396396397,0.010498482472925603,0.5895329301075269,0.008558961273895875
0.9244099165136226,0.6406406406406406,0.011509537140441072,0.5895329301075269,0.008558961273895875
0.9241670307130085,0.6416416416416416,0.01151663345520195,0.5895329301075269,0.008558961273895875
0.9239241449123953,0.6426426426426426,0.01152416588826873,0.5895329301075269,0.008558961273895875
0.9219149853630839,0.6436436436436437,0.0115363055596383,0.5895329301075269,0.008558961273895875
0.9216569697554535,0.6446446446446447,0.011543925268954421,0.5895329301075269,0.008558961273895875
0.9204932658100665,0.6456456456456456,0.011477805607582384,0.5895329301075269,0.008558961273895875
0.9200857166262174,0.6466466466466466,0.011470960645424135,0.5895329301075269,0.008558961273895875
0.9196781674423681,0.6476476476476476,0.011466709394455585,0.5895329301075269,0.008558961273895875
0.9192706182585186,0.6486486486486487,0.011465054739927318,0.5895329301075269,0.008558961273895875
0.9188630690746695,0.6496496496496497,0.011465997805981419,0.5895329301075269,0.008558961273895875
0.9142759163093039,0.6506506506506506,0.012541019484497167,0.5895329301075269,0.008558961273895875
0.9138484641795322,0.6516516516516516,0.012545635018042706,0.5895329301075269,0.008558961273895875
0.9123863937281748,0.6526526526526526,0.012560810647749969,0.5895329301075269,0.008558961273895875
0.9119736789535181,0.6536536536536537,0.012567130097952057,0.5895329301075269,0.008558961273895875
0.9106741123519964,0.6546546546546547,0.012626416637567478,0.5895329301075269,0.008558961273895875
0.9093660341526408,0.6556556556556556,0.012561497590478081,0.5895329301075269,0.008558961273895875
0.908903363089165,0.6566566566566566,0.012570437549663855,0.5895329301075269,0.008558961273895875
0.9084039630942568,0.6576576576576576,0.012577256601902054,0.5895329301075269,0.008558961273895875
0.9079045630993485,0.6586586586586587,0.012586456886861462,0.5895329301075269,0.008558961273895875
0.9074051631044402,0.6596596596596597,0.012598033187533665,0.5895329301075269,0.008558961273895875
0.9069057631095322,0.6606606606606606,0.012611978961218599,0.5895329301075269,0.008558961273895875
0.9064063631146236,0.6616616616616616,0.012628286357890582,0.5895329301075269,0.008558961273895875
0.9059069631197153,0.6626626626626626,0.012646946242085238,0.5895329301075269,0.008558961273895875
0.9054075631248071,0.6636636636636637,0.012667948218166433,0.5895329301075269,0.008558961273895875
0.9049081631298991,0.6646646646646647,0.012691280658812261,0.5895329301075269,0.008558961273895875
0.9044087631349903,0.6656656656656657,0.012716930736541027,0.5895329301075269,0.008558961273895875
0.9039093631400823,0.6666666666666666,0.012744884458082207,0.5895329301075269,0.008558961273895875
0.8867121839373654,0.6676676676676676,0.013788749721481915,0.5895329301075269,0.008558961273895875
0.8863009129934372,0.6686686686686687,0.013800010809127098,0.5895329301075269,0.008558961273895875
0.8858896420495089,0.6696696696696697,0.013813079278322525,0.5895329301075269,0.008558961273895875
0.8854783711055807,0.6706706706706707,0.013827950004728204,0.5895329301075269,0.008558961273895875
0.8850671001616524,0.6716716716716716,0.013844617180844824,0.5895329301075269,0.008558961273895875
0.8846558292177243,0.6726726726726726,0.013863074327214205,0.5895329301075269,0.008558961273895875
0.884244558273796,0.6736736736736737,0.013883314304820336,0.5895329301075269,0.008558961273895875
0.883833287329868,0.6746746746746747,0.013905329328636315,0.5895329301075269,0.008558961273895875
0.8834220163859396,0.6756756756756757,0.013929110982258665,0.5895329301075269,0.008558961273895875
0.8830107454420115,0.6766766766766766,0.013954650233566077,0.5895329301075269,0.008558961273895875
0.8786312203314164,0.6776776776776777,0.013561681386422135,0.5895329301075269,0.008558961273895875
0.8772110473495044,0.6786786786786787,0.01346456031386259,0.5895329301075269,0.008558961273895875
0.8755704756767763,0.6796796796796797,0.013371396962357188,0.5895329301075269,0.008558961273895875
0.8718673748810055,0.6806806806806807,0.01379336297229084,0.5895329301075269,0.008558961273895875
0.8714929800940536,0.6816816816816816,0.013826387993305432,0.5895329301075269,0.008558961273895875
0.8701926594737681,0.6826826826826827,0.013934639250247929,0.5895329301075269,0.008558961273895875
0.8698182646868164,0.6836836836836837,0.013970468005528364,0.5895329301075269,0.008558961273895875
0.868433620258225,0.6846846846846847,0.014109682981884877,0.5895329301075269,0.008558961273895875
0.8681255508172337,0.6856856856856857,0.014129707719881956,0.5895329301075269,0.008558961273895875
0.8678174813762426,0.6866866866866866,0.014150405338058772,0.5895329301075269,0.008558961273895875
0.8650138682685846,0.6876876876876877,0.014302697704115653,0.5895329301075269,0.008558961273895875
0.8647057988275936,0.6886886886886887,0.014323621075671223,0.5895329301075269,0.008558961273895875
0.861064396053269,0.6896896896896897,0.014047649515712869,0.5895329301075269,0.008558961273895875
0.8607563266122777,0.6906906906906907,0.014069125597499656,0.5895329301075269,0.008558961273895875
0.8604482571712867,0.6916916916916916,0.014091273108637213,0.5895329301075269,0.008558961273895875
0.8583858017302954,0.6926926926926927,0.013983305458757738,0.5895329301075269,0.008558961273895875
0.8580777322893044,0.6936936936936937,0.014006351500376104,0.5895329301075269,0.008558961273895875
0.8577696628483131,0.6946946946946947,0.014030066918347978,0.5895329301075269,0.008558961273895875
0.8521984355739888,0.6956956956956957,0.015098612659000431,0.5895329301075269,0.008558961273895875
0.8518903661329973,0.6966966966966966,0.015120109968077809,0.5895329301075269,0.008558961273895875
0.8515822966920062,0.6976976976976977,0.0151422320431657,0.5895329301075269,0.008558961273895875
0.851274227251015,0.6986986986986987,0.015164976150111574,0.5895329301075269,0.008558961273895875
0.8509661578100238,0.6996996996996997,0.015188339494490569,0.5895329301075269,0.008558961273895875
0.834135591520403,0.7007007007007007,0.02088168820876186,0.5895329301075269,0.008558961273895875
0.8337806001527975,0.7017017017017017,0.020894043409477966,0.5895329301075269,0.008558961273895875
0.8334256087851925,0.7027027027027027,0.020906947779349982,0.5895329301075269,0.008558961273895875
0.8330706174175869,0.7037037037037037,0.020920400302142813,0.5895329301075269,0.008558961273895875
0.8327156260499816,0.7047047047047047,0.020934399921121193,0.5895329301075269,0.008558961273895875
0.8323606346823763,0.7057057057057057,0.020948945539455994,0.5895329301075269,0.008558961273895875
0.8309473931001305,0.7067067067067067,0.021061694890447017,0.5895329301075269,0.008558961273895875
0.8305722646389746,0.7077077077077077,0.02108055697146093,0.5895329301075269,0.008558961273895875
0.8206753514422026,0.7087087087087087,0.02086960708094011,0.5895329301075269,0.008558961273895875
0.8202067376949066,0.7097097097097097,0.020884869843794052,0.5895329301075269,0.008558961273895875
0.8197381239476106,0.7107107107107107,0.02090087357166947,0.5895329301075269,0.008558961273895875
0.819269510200315,0.7117117117117117,0.02091761656386561,0.5895329301075269,0.008558961273895875
0.8188008964530192,0.7127127127127127,0.020935097046686908,0.5895329301075269,0.008558961273895875
0.8183322827057233,0.7137137137137137,0.020953313174359636,0.5895329301075269,0.008558961273895875
0.8123245849988282,0.7147147147147147,0.022171632709981726,0.5895329301075269,0.008558961273895875
0.8119804028805063,0.7157157157157157,0.022168961281670025,0.5895329301075269,0.008558961273895875
0.8116362207621848,0.7167167167167167,0.02216670673285113,0.5895329301075269,0.008558961273895875
0.811292038643863,0.7177177177177178,0.02216486919073651,0.5895329301075269,0.008558961273895875
0.8109478565255411,0.7187187187187187,0.02216344875904658,0.5895329301075269,0.008558961273895875
0.8093581778022608,0.7197197197197197,0.02201556002822077,0.5895329301075269,0.008558961273895875
0.8080777127291381,0.7207207207207207,0.021932003647774066,0.5895329301075269,0.008558961273895875
0.8076780435494785,0.7217217217217217,0.02192507109132841,0.5895329301075269,0.008558961273895875
0.7913324373002866,0.7227227227227228,0.02345425231810953,0.5895329301075269,0.008558961273895875
0.7907712186903777,0.7237237237237237,0.023448641412777072,0.5895329301075269,0.008558961273895875
0.790239405237005,0.7247247247247247,0.02344745869321402,0.5895329301075269,0.008558961273895875
0.789728348276284,0.7257257257257257,0.02344988689592654,0.5895329301075269,0.008558961273895875
0.7892172913155632,0.7267267267267267,0.023454081424728716,0.5895329301075269,0.008558961273895875
0.7868502048221768,0.7277277277277278,0.023353660751403594,0.5895329301075269,0.008558961273895875
0.7863425702767725,0.7287287287287287,0.02335946797395694,0.5895329301075269,0.008558961273895875
0.7858349357313679,0.7297297297297297,0.02336703072432413,0.5895329301075269,0.008558961273895875
0.7853273011859636,0.7307307307307307,0.023376347298652393,0.5895329301075269,0.008558961273895875
0.7806940036343689,0.7317317317317317,0.02326313363211949,0.5895329301075269,0.008558961273895875
0.7802290128617791,0.7327327327327328,0.023278304097418368,0.5895329301075269,0.008558961273895875
0.7777557644634387,0.7337337337337337,0.023522073200370475,0.5895329301075269,0.008558961273895875
0.7774784613973057,0.7347347347347347,0.02352635331868109,0.5895329301075269,0.008558961273895875
0.7772011583311722,0.7357357357357357,0.023530945848014857,0.5895329301075269,0.008558961273895875
0.7769238552650389,0.7367367367367368,0.02353585060549034,0.5895329301075269,0.008558961273895875
0.7747956012841865,0.7377377377377378,0.023569045163983126,0.5895329301075269,0.008558961273895875
0.7745257130094455,0.7387387387387387,0.023573965894220828,0.5895329301075269,0.008558961273895875
0.7742659286456534,0.7397397397397397,0.023580051320879772,0.5895329301075269,0.008558961273895875
0.7732189886895608,0.7407407407407407,0.02349844669006253,0.5895329301075269,0.008558961273895875
0.7729656995668017,0.7417417417417418,0.023505547069444507,0.5895329301075269,0.008558961273895875
0.7727124104440425,0.7427427427427428,0.023512933411622472,0.5895329301075269,0.008558961273895875
0.7724591213212832,0.7437437437437437,0.02352060544718768,0.5895329301075269,0.008558961273895875
0.7722058321985241,0.7447447447447447,0.023528562896669183,0.5895329301075269,0.008558961273895875
0.7719525430757649,0.7457457457457457,0.023536805470584187,0.5895329301075269,0.008558961273895875
0.7716992539530058,0.7467467467467468,0.023545332869490006,0.5895329301075269,0.008558961273895875
0.7714459648302466,0.7477477477477478,0.02355414478403774,0.5895329301075269,0.008558961273895875
0.7711926757074873,0.7487487487487487,0.023563240895027555,0.5895329301075269,0.008558961273895875
0.7709393865847283,0.7497497497497497,0.023572620873465615,0.5895329301075269,0.008558961273895875
0.766249816321195,0.7507507507507507,0.02408531959575224,0.5895329301075269,0.008558961273895875
0.7658971685662925,0.7517517517517518,0.02408393234835264,0.5895329301075269,0.008558961273895875
0.7655445208113901,0.7527527527527528,0.024083543008924235,0.5895329301075269,0.008558961273895875
0.7651918730564877,0.7537537537537538,0.024084151625862936,0.5895329301075269,0.008558961273895875
0.7648392253015853,0.7547547547547547,0.024085758123517417,0.5895329301075269,0.008558961273895875
0.7644865775466827,0.7557557557557557,0.024088362302236124,0.5895329301075269,0.008558961273895875
0.7641339297917802,0.7567567567567568,0.024091963838491298,0.5895329301075269,0.008558961273895875
0.7637812820368778,0.7577577577577578,0.024096562285079802,0.5895329301075269,0.008558961273895875
0.7616188899743709,0.7587587587587588,0.02386652521850561,0.5895329301075269,0.008558961273895875
0.7612467162322368,0.7597597597597597,0.02387173654143606,0.5895329301075269,0.008558961273895875
0.7449351389172502,0.7607607607607607,0.02474762452748565,0.5895329301075269,0.008558961273895875
0.7445278262634677,0.7617617617617618,0.024746808865855428,0.5895329301075269,0.008558961273895875
0.7390651955156915,0.7627627627627628,0.024658340360070957,0.5895329301075269,0.008558961273895875
0.7387980230244718,0.7637637637637638,0.02466299308319834,0.5895329301075269,0.008558961273895875
0.7334710411365586,0.7647647647647647,0.02465786016157735,0.5895329301075269,0.008558961273895875
0.733210502969775,0.7657657657657657,0.024661946033623844,0.5895329301075269,0.008558961273895875
0.732949964802991,0.7667667667667668,0.024666315228759967,0.5895329301075269,0.008558961273895875
0.7326894266362076,0.7677677677677678,0.024670967596457313,0.5895329301075269,0.008558961273895875
0.732428888469424,0.7687687687687688,0.024675902976548744,0.5895329301075269,0.008558961273895875
0.71750506060179,0.7697697697697697,0.02628388090215267,0.5895329301075269,0.008558961273895875
0.7171881521244072,0.7707707707707707,0.026296866414231828,0.5895329301075269,0.008558961273895875
0.7168712436470243,0.7717717717717718,0.02631017152048841,0.5895329301075269,0.008558961273895875
0.7148834913363084,0.7727727727727728,0.026201497186797346,0.5895329301075269,0.008558961273895875
0.7145665828589257,0.7737737737737738,0.026215162718396336,0.5895329301075269,0.008558961273895875
0.714249674381543,0.7747747747747747,0.026229148140463933,0.5895329301075269,0.008558961273895875
0.7139327659041604,0.7757757757757757,0.026243452941580786,0.5895329301075269,0.008558961273895875
0.7136158574267776,0.7767767767767768,0.026258076599775658,0.5895329301075269,0.008558961273895875
0.7132989489493947,0.7777777777777778,0.026273018582617498,0.5895329301075269,0.008558961273895875
0.7053906764977481,0.7787787787787788,0.026759546242605826,0.5895329301075269,0.008558961273895875
0.7050647438451833,0.7797797797797797,0.02677368574395378,0.5895329301075269,0.008558961273895875
0.7047388111926184,0.7807807807807807,0.02678813738963881,0.5895329301075269,0.008558961273895875
0.7044128785400534,0.7817817817817818,0.02680290067475297,0.5895329301075269,0.008558961273895875
0.7025100984986,0.7827827827827828,0.026688345913361316,0.5895329301075269,0.008558961273895875
0.7022442794445961,0.7837837837837838,0.02671002940403566,0.5895329301075269,0.008558961273895875
0.7019784603905924,0.7847847847847848,0.026731979026971456,0.5895329301075269,0.008558961273895875
0.7006015303365889,0.7857857857857857,0.02675500859234193,0.5895329301075269,0.008558961273895875
0.7003357112825851,0.7867867867867868,0.02677730087622218,0.5895329301075269,0.008558961273895875
0.7000698922285814,0.7877877877877878,0.026799857619322152,0.5895329301075269,0.008558961273895875
0.6998040731745776,0.7887887887887888,0.026822678154444668,0.5895329301075269,0.008558961273895875
0.6845329659130677,0.7897897897897898,0.028710232749991973,0.5895329301075269,0.008558961273895875
0.6842812635417042,0.7907907907907907,0.028730581229398436,0.5895329301075269,0.008558961273895875
0.6840295611703405,0.7917917917917918,0.028751176360173707,0.5895329301075269,0.008558961273895875
0.6837778587989772,0.7927927927927928,0.02877201761265554,0.5895329301075269,0.008558961273895875
0.6835261564276135,0.7937937937937938,0.02879310445239466,0.5895329301075269,0.008558961273895875
0.6832744540562501,0.7947947947947948,0.028814436340217662,0.5895329301075269,0.008558961273895875
0.6830227516848867,0.7957957957957957,0.02883601273229022,0.5895329301075269,0.008558961273895875
0.6827710493135231,0.7967967967967968,0.028857833080180337,0.5895329301075269,0.008558961273895875
0.6825193469421597,0.7977977977977978,0.028879896830921962,0.5895329301075269,0.008558961273895875
0.6822676445707961,0.7987987987987988,0.02890220342707874,0.5895329301075269,0.008558961273895875
0.6820159421994327,0.7997997997997998,0.028924752306807848,0.5895329301075269,0.008558961273895875
0.6672966050317009,0.8008008008008007,0.029309645772708913,0.5895329301075269,0.008558961273895875
0.667075307914877,0.8018018018018018,0.029330660764955326,0.5895329301075269,0.008558961273895875
0.6668540107980531,0.8028028028028028,0.029351902222934077,0.5895329301075269,0.008558961273895875
0.6666327136812293,0.8038038038038038,0.029373369655336618,0.5895329301075269,0.008558961273895875
0.6664114165644056,0.8048048048048048,0.02939506256707057,0.5895329301075269,0.008558961273895875
0.6661901194475816,0.8058058058058059,0.029416980459311456,0.5895329301075269,0.008558961273895875
0.6659688223307578,0.8068068068068068,0.029439122829554683,0.5895329301075269,0.008558961273895875
0.665747525213934,0.8078078078078078,0.02946148917166744,0.5895329301075269,0.008558961273895875
0.6655262280971103,0.8088088088088088,0.02948407897594097,0.5895329301075269,0.008558961273895875
0.6506432769802861,0.8098098098098098,0.03031499227790332,0.5895329301075269,0.008558961273895875
0.6504219798634624,0.8108108108108109,0.030335601115709387,0.5895329301075269,0.008558961273895875
0.6502006827466384,0.8118118118118118,0.030356429482106328,0.5895329301075269,0.008558961273895875
0.6471389267912114,0.8128128128128128,0.030310070914172236,0.5895329301075269,0.008558961273895875
0.6469096888575238,0.8138138138138138,0.030330869201776408,0.5895329301075269,0.008558961273895875
0.6466804509238363,0.8148148148148148,0.030351886907282855,0.5895329301075269,0.008558961273895875
0.6464512129901487,0.8158158158158159,0.030373123575190782,0.5895329301075269,0.008558961273895875
0.6462219750564613,0.8168168168168168,0.030394578746533635,0.5895329301075269,0.008558961273895875
0.6459927371227737,0.8178178178178178,0.03041625195892419,0.5895329301075269,0.008558961273895875
0.6282403510224197,0.8188188188188188,0.03334104718330039,0.5895329301075269,0.008558961273895875
0.6280111130887321,0.8198198198198198,0.033359190547925646,0.5895329301075269,0.008558961273895875
0.6277818751550446,0.8208208208208209,0.03337753653777734,0.5895329301075269,0.008558961273895875
0.627552637221357,0.8218218218218218,0.033396084818921735,0.5895329301075269,0.008558961273895875
0.6273233992876694,0.8228228228228228,0.033414835054488425,0.5895329301075269,0.008558961273895875
0.6122944193338348,0.8238238238238238,0.03341606149296893,0.5895329301075269,0.008558961273895875
0.6119966863360191,0.8248248248248248,0.03343003069437873,0.5895329301075269,0.008558961273895875
0.6116989533382036,0.8258258258258259,0.033444334888085105,0.5895329301075269,0.008558961273895875
0.5961411015701603,0.8268268268268268,0.03398602922279162,0.5895329301075269,0.008558961273895875
0.5958464549203144,0.8278278278278278,0.03400235340775151,0.5895329301075269,0.008558961273895875
0.5955518082704683,0.8288288288288288,0.03401900367048633,0.5895329301075269,0.008558961273895875
0.5952571616206224,0.8298298298298298,0.034035979532448316,0.5895329301075269,0.008558961273895875
0.5949625149707761,0.8308308308308309,0.034053280506695156,0.5895329301075269,0.008558961273895875
0.59466786832093,0.8318318318318318,0.03407090609795744,0.5895329301075269,0.008558961273895875
0.5943732216710841,0.8328328328328328,0.034088855802706985,0.5895329301075269,0.008558961273895875
0.5912246473775834,0.8338338338338338,0.0341451961679917,0.5895329301075269,0.008558961273895875
0.5908853673494534,0.8348348348348348,0.034158089926052786,0.5895329301075269,0.008558961273895875
0.5905460873213233,0.8358358358358359,0.034171327756207404,0.5895329301075269,0.008558961273895875
0.5902068072931932,0.8368368368368369,0.03418490925873814,0.5895329301075269,0.008558961273895875
0.5898675272650631,0.8378378378378378,0.03419883402419357,0.5895329301075269,0.008558961273895875
0.589528247236933,0.8388388388388388,0.03421310163344865,0.5895329301075269,0.008558961273895875
0.589188967208803,0.8398398398398398,0.03422771165776646,0.5895329301075269,0.008558961273895875
0.5843930072214183,0.8408408408408409,0.03364889898676047,0.5895329301075269,0.008558961273895875
0.5840198164674677,0.8418418418418419,0.03366111427072274,0.5895329301075269,0.008558961273895875
0.5836466257135169,0.8428428428428428,0.03367370178509024,0.5895329301075269,0.008558961273895875
0.5832734349595662,0.8438438438438438,0.033686661112594926,0.5895329301075269,0.008558961273895875
0.5829002442056156,0.8448448448448448,0.03369999182429472,0.5895329301075269,0.008558961273895875
0.5825270534516648,0.8458458458458459,0.03371369347964322,0.5895329301075269,0.008558961273895875
0.5779871960310474,0.8468468468468469,0.03376453594153626,0.5895329301075269,0.008558961273895875
0.5776140052770967,0.8478478478478478,0.03377818215873692,0.5895329301075269,0.008558961273895875
0.577240814523146,0.8488488488488488,0.033792198205938345,0.5895329301075269,0.008558961273895875
0.5768676237691953,0.8498498498498498,0.03380658362315132,0.5895329301075269,0.008558961273895875
0.570437624348578,0.8508508508508509,0.03318432354483649,0.5895329301075269,0.008558961273895875
0.5700644335946272,0.8518518518518519,0.03319858247007101,0.5895329301075269,0.008558961273895875
0.5696912428406765,0.8528528528528528,0.03321321715755511,0.5895329301075269,0.008558961273895875
0.5693180520867259,0.8538538538538538,0.03322822711079859,0.5895329301075269,0.008558961273895875
0.5689448613327752,0.8548548548548548,0.033243611821488335,0.5895329301075269,0.008558961273895875
0.5685716705788245,0.8558558558558559,0.03325937076957225,0.5895329301075269,0.008558961273895875
0.5681984798248738,0.8568568568568569,0.033275503423345,0.5895329301075269,0.008558961273895875
0.5345176596350194,0.8578578578578578,0.03536451399447901,0.5895329301075269,0.008558961273895875
0.534140980544364,0.8588588588588588,0.03537504765220347,0.5895329301075269,0.008558961273895875
0.5337643014537087,0.8598598598598598,0.03538593751611937,0.5895329301075269,0.008558961273895875
0.5333876223630533,0.8608608608608609,0.035397183257468566,0.5895329301075269,0.008558961273895875
0.5330109432723977,0.8618618618618619,0.03540878453717374,0.5895329301075269,0.008558961273895875
0.5326342641817424,0.8628628628628628,0.03542074100588873,0.5895329301075269,0.008558961273895875
0.5233090280320077,0.8638638638638638,0.034381977476312456,0.5895329301075269,0.008558961273895875
0.5229513810870021,0.8648648648648649,0.03439802592111895,0.5895329301075269,0.008558961273895875
0.5225937341419965,0.8658658658658659,0.03441442446619697,0.5895329301075269,0.008558961273895875
0.5189328923057624,0.8668668668668669,0.034320241314489394,0.5895329301075269,0.008558961273895875
0.5185936620445847,0.8678678678678678,0.03433771688564832,0.5895329301075269,0.008558961273895875
0.5182544317834068,0.8688688688688688,0.03435553805640334,0.5895329301075269,0.008558961273895875
0.5164000500222289,0.8698698698698699,0.03411386856613221,0.5895329301075269,0.008558961273895875
0.516060819761051,0.8708708708708709,0.034132264998513,0.5895329301075269,0.008558961273895875
0.5157215894998732,0.8718718718718719,0.0341510081330255,0.5895329301075269,0.008558961273895875
0.5153823592386954,0.8728728728728729,0.03417009739914593,0.5895329301075269,0.008558961273895875
0.5150431289775176,0.8738738738738738,0.034189532217100485,0.5895329301075269,0.008558961273895875
0.5147038987163397,0.8748748748748749,0.03420931199794979,0.5895329301075269,0.008558961273895875
0.5011290157884951,0.8758758758758759,0.03387266374800497,0.5895329301075269,0.008558961273895875
0.5007897855273173,0.8768768768768769,0.03389110173435764,0.5895329301075269,0.008558961273895875
0.5004505552661394,0.8778778778778779,0.03390988884298555,0.5895329301075269,0.008558961273895875
0.5001113250049616,0.8788788788788788,0.03392902449394292,0.5895329301075269,0.008558961273895875
0.4997720947437838,0.8798798798798799,0.033948508097844464,0.5895329301075269,0.008558961273895875
0.4994328644826059,0.8808808808808809,0.0339683390559522,0.5895329301075269,0.008558961273895875
0.4990936342214281,0.8818818818818819,0.03398851676026379,0.5895329301075269,0.008558961273895875
0.49043365145098783,0.8828828828828829,0.03317488518049663,0.5895329301075269,0.008558961273895875
0.4901141763448814,0.8838838838838838,0.03319660187571983,0.5895329301075269,0.008558961273895875
0.489794701238775,0.8848848848848849,0.03321864856451793,0.5895329301075269,0.008558961273895875
0.48947522613266853,0.8858858858858859,0.033241024590298755,0.5895329301075269,0.008558961273895875
0.48915575102656206,0.8868868868868869,0.03326372928844175,0.5895329301075269,0.008558961273895875
0.48883627592045564,0.8878878878878879,0.03328676198639064,0.5895329301075269,0.008558961273895875
0.4885168008143493,0.8888888888888888,0.03331012200374682,0.5895329301075269,0.008558961273895875
0.48132710353006464,0.8898898898898899,0.03279362981329347,0.5895329301075269,0.008558961273895875
0.48100178925133563,0.8908908908908909,0.03281748502783641,0.5895329301075269,0.008558961273895875
0.4806764749726065,0.8918918918918919,0.032841670169078,0.5895329301075269,0.008558961273895875
0.48035116069387757,0.8928928928928929,0.03286618450867173,0.5895329301075269,0.008558961273895875
0.4800258464151484,0.8938938938938938,0.03289102731054328,0.5895329301075269,0.008558961273895875
0.4797005321364194,0.8948948948948949,0.032916197830992866,0.5895329301075269,0.008558961273895875
0.47937521785769033,0.8958958958958959,0.03294169531879802,0.5895329301075269,0.008558961273895875
0.47904990357896143,0.8968968968968969,0.03296751901531694,0.5895329301075269,0.008558961273895875
0.47872458930023226,0.8978978978978979,0.032993668154592246,0.5895329301075269,0.008558961273895875
0.4783992750215032,0.8988988988988988,0.03302014196345511,0.5895329301075269,0.008558961273895875
0.47807396074277425,0.8998998998998999,0.033046939661629915,0.5895329301075269,0.008558961273895875
0.45744292489141003,0.9009009009009009,0.03313999832159527,0.5895329301075269,0.008558961273895875
0.4571301231245679,0.9019019019019019,0.03316395876649422,0.5895329301075269,0.008558961273895875
0.45681732135772574,0.9029029029029029,0.033188244821368604,0.5895329301075269,0.008558961273895875
0.4565045195908836,0.9039039039039038,0.0332128557719364,0.5895329301075269,0.008558961273895875
0.45619171782404144,0.9049049049049049,0.03323779089648977,0.5895329301075269,0.008558961273895875
0.4558789160571993,0.9059059059059059,0.0332630494659928,0.5895329301075269,0.008558961273895875
0.4555661142903571,0.9069069069069069,0.03328863074418007,0.5895329301075269,0.008558961273895875
0.45525331252351503,0.9079079079079079,0.033314533987655215,0.5895329301075269,0.008558961273895875
0.4549405107566729,0.9089089089089089,0.03334075844599037,0.5895329301075269,0.008558961273895875
0.4477628607429383,0.9099099099099099,0.03342360471416281,0.5895329301075269,0.008558961273895875
0.4474564981629678,0.9109109109109109,0.03344942814711641,0.5895329301075269,0.008558961273895875
0.4471501355829974,0.9119119119119119,0.03347557238367186,0.5895329301075269,0.008558961273895875
0.4468437730030269,0.9129129129129129,0.03350203667278538,0.5895329301075269,0.008558961273895875
0.4465374104230565,0.9139139139139139,0.033528820256604794,0.5895329301075269,0.008558961273895875
0.446231047843086,0.914914914914915,0.033555922370568515,0.5895329301075269,0.008558961273895875
0.44592468526311557,0.9159159159159159,0.03358334224350491,0.5895329301075269,0.008558961273895875
0.4343102733498118,0.9169169169169169,0.03316806532170766,0.5895329301075269,0.008558961273895875
0.43400391076984124,0.9179179179179179,0.03319472389973943,0.5895329301075269,0.008558961273895875
0.4336975481898708,0.9189189189189189,0.03322170441352537,0.5895329301075269,0.008558961273895875
0.43339118560990036,0.91991991991992,0.03324900607934352,0.5895329301075269,0.008558961273895875
0.4330848230299299,0.9209209209209209,0.033276628106730516,0.5895329301075269,0.008558961273895875
0.43277846044995943,0.9219219219219219,0.03330456969858527,0.5895329301075269,0.008558961273895875
0.4324720978699891,0.9229229229229229,0.03333283005127308,0.5895329301075269,0.008558961273895875
0.4078079263236549,0.9239239239239239,0.032871807725816805,0.5895329301075269,0.008558961273895875
0.4074648411058353,0.924924924924925,0.032897342183870054,0.5895329301075269,0.008558961273895875
0.4071217558880155,0.9259259259259259,0.0329232436027097,0.5895329301075269,0.008558961273895875
0.4067786706701959,0.9269269269269269,0.03294951111693853,0.5895329301075269,0.008558961273895875
0.4064355854523763,0.9279279279279279,0.0329761438517045,0.5895329301075269,0.008558961273895875
0.3888597642753365,0.9289289289289289,0.03157261677822125,0.5895329301075269,0.008558961273895875
0.38853083462826593,0.92992992992993,0.031599575836169264,0.5895329301075269,0.008558961273895875
0.3882019049811955,0.9309309309309309,0.031626913186425396,0.5895329301075269,0.008558961273895875
0.3878729753341251,0.9319319319319319,0.03165462784889515,0.5895329301075269,0.008558961273895875
0.3875440456870545,0.9329329329329329,0.03168271883340966,0.5895329301075269,0.008558961273895875
0.3838337458733175,0.933933933933934,0.03118871242114835,0.5895329301075269,0.008558961273895875
0.383504816226247,0.934934934934935,0.031217431858704896,0.5895329301075269,0.008558961273895875
0.3831758865791765,0.9359359359359359,0.031246531056921455,0.5895329301075269,0.008558961273895875
0.3828469569321061,0.9369369369369369,0.031276008955810106,0.5895329301075269,0.008558961273895875
0.36270471059445614,0.9379379379379379,0.029911645124660147,0.5895329301075269,0.008558961273895875
0.3623535364800295,0.938938938938939,0.02993682868065792,0.5895329301075269,0.008558961273895875
0.36200236236560274,0.93993993993994,0.02996242287090663,0.5895329301075269,0.008558961273895875
0.361651188251176,0.9409409409409409,0.029988426644015572,0.5895329301075269,0.008558961273895875
0.3613000141367493,0.9419419419419419,0.03001483893544136,0.5895329301075269,0.008558961273895875
0.3609488400223226,0.9429429429429429,0.030041658667689746,0.5895329301075269,0.008558961273895875
0.3605976659078959,0.943943943943944,0.030068884750518755,0.5895329301075269,0.008558961273895875
0.35231431723228296,0.944944944944945,0.02851523577385772,0.5895329301075269,0.008558961273895875
0.3519489622704839,0.9459459459459459,0.028539427764108713,0.5895329301075269,0.008558961273895875
0.35158360730868476,0.9469469469469469,0.02856405333605062,0.5895329301075269,0.008558961273895875
0.35121825234688575,0.9479479479479479,0.028589111369271163,0.5895329301075269,0.008558961273895875
0.3508528973850866,0.948948948948949,0.02861460072764104,0.5895329301075269,0.008558961273895875
0.35048754242328745,0.94994994994995,0.028640520259553957,0.5895329301075269,0.008558961273895875
0.3501221874614885,0.950950950950951,0.028666868798168498,0.5895329301075269,0.008558961273895875
0.3497568324996893,0.9519519519519519,0.02869364516165161,0.5895329301075269,0.008558961273895875
0.3493914775378902,0.9529529529529529,0.028720848153423663,0.5895329301075269,0.008558961273895875
0.3490261225760912,0.953953953953954,0.028748476562404944,0.5895329301075269,0.008558961273895875
0.3486607676142921,0.954954954954955,0.02877652916326348,0.5895329301075269,0.008558961273895875
0.34829541265249303,0.955955955955956,0.028805004716664098,0.5895329301075269,0.008558961273895875
0.3479300576906939,0.9569569569569569,0.028833901969518613,0.5895329301075269,0.008558961273895875
0.34756470272889484,0.9579579579579579,0.02886321965523696,0.5895329301075269,0.008558961273895875
0.34719934776709566,0.958958958958959,0.028892956493979386,0.5895329301075269,0.008558961273895875
0.3468339928052967,0.95995995995996,0.02892311119290928,0.5895329301075269,0.008558961273895875
0.34646863784349763,0.960960960960961,0.028953682446446825,0.5895329301075269,0.008558961273895875
0.34610328288169856,0.9619619619619619,0.028984668936523194,0.5895329301075269,0.008558961273895875
0.3457379279198995,0.9629629629629629,0.02901606933283524,0.5895329301075269,0.008558961273895875
0.34537257295810025,0.963963963963964,0.02904788229310068,0.5895329301075269,0.008558961273895875
0.3450072179963012,0.964964964964965,0.0290801064633134,0.5895329301075269,0.008558961273895875
0.34464186303450217,0.965965965965966,0.029112740477999194,0.5895329301075269,0.008558961273895875
0.34427650807270305,0.9669669669669669,0.029145782960471364,0.5895329301075269,0.008558961273895875
0.34391115311090403,0.9679679679679679,0.029179232523086584,0.5895329301075269,0.008558961273895875
0.34354579814910485,0.968968968968969,0.02921308776750047,0.5895329301075269,0.008558961273895875
0.34318044318730584,0.96996996996997,0.02924734728492307,0.5895329301075269,0.008558961273895875
0.34281508822550677,0.970970970970971,0.029282009656374158,0.5895329301075269,0.008558961273895875
0.34244973326370776,0.9719719719719719,0.029317073452937988,0.5895329301075269,0.008558961273895875
0.3420843783019086,0.9729729729729729,0.029352537236017835,0.5895329301075269,0.008558961273895875
0.3417190233401095,0.973973973973974,0.02938839955758984,0.5895329301075269,0.008558961273895875
0.34135366837831044,0.974974974974975,0.02942465896045628,0.5895329301075269,0.008558961273895875
0.3409883134165114,0.975975975975976,0.02946131397849819,0.5895329301075269,0.008558961273895875
0.3406229584547123,0.9769769769769769,0.02949836313692722,0.5895329301075269,0.008558961273895875
0.3402576034929132,0.9779779779779779,0.029535804952536524,0.5895329301075269,0.008558961273895875
0.3398922485311141,0.978978978978979,0.02957363793395083,0.5895329301075269,0.008558961273895875
0.33952689356931504,0.97997997997998,0.029611860581875465,0.5895329301075269,0.008558961273895875
0.3391615386075159,0.980980980980981,0.0296504713893443,0.5895329301075269,0.008558961273895875
0.33879618364571684,0.9819819819819819,0.029689468841966504,0.5895329301075269,0.008558961273895875
0.3384308286839178,0.9829829829829829,0.029728851418172133,0.5895329301075269,0.008558961273895875
0.3380654737221187,0.983983983983984,0.02976861758945638,0.5895329301075269,0.008558961273895875
0.3377001187603196,0.984984984984985,0.02980876582062242,0.5895329301075269,0.008558961273895875
0.33733476379852056,0.985985985985986,0.029849294570022993,0.5895329301075269,0.008558961273895875
0.33696940883672144,0.986986986986987,0.02989020228980025,0.5895329301075269,0.008558961273895875
0.33660405387492237,0.9879879879879879,0.02993148742612431,0.5895329301075269,0.008558961273895875
0.33623869891312325,0.988988988988989,0.029973148419429933,0.5895329301075269,0.008558961273895875
0.33587334395132423,0.98998998998999,0.030015183704651748,0.5895329301075269,0.008558961273895875
0.33550798898952505,0.990990990990991,0.03005759171145769,0.5895329301075269,0.008558961273895875
0.335142634027726,0.991991991991992,0.030100370864480527,0.5895329301075269,0.008558961273895875
0.3347772790659269,0.992992992992993,0.030143519583547756,0.5895329301075269,0.008558961273895875
0.33441192410412784,0.993993993993994,0.03018703628390945,0.5895329301075269,0.008558961273895875
0.3340465691423287,0.994994994994995,0.030230919376464296,0.5895329301075269,0.008558961273895875
0.3336812141805297,0.995995995995996,0.03027516726798358,0.5895329301075269,0.008558961273895875
0.3333158592187306,0.996996996996997,0.030319778361333108,0.5895329301075269,0.008558961273895875
0.3329505042569315,0.997997997997998,0.030364751055693244,0.5895329301075269,0.008558961273895875
0.33258514929513244,0.998998998998999,0.030410083746776558,0.5895329301075269,0.008558961273895875
0.0,1.0,0.0,0.5895329301075269,0.008558961273895875
